[{"":"","PROVEEDOR":"Ernst & Young GmbH","ALIAS_VENDOR":"Ernest","OC":"1","DESCRIPCION":"Travel Cost","WBS":"V.00102064.07","NOMBRE_WBS":"Volaris Renov. ongoing 2018 (MonoB)","CLIENTE":"CONCESIONARIA VUELA COMPAÑIA DE","ALIAS_CLIENTE":"VOLARIS","SERVICES":"SSM CS-DB/Basis-SERV"},{"":"","PROVEEDOR":"Ernst & Young GmbH","ALIAS_VENDOR":"Ernest","OC":"2","DESCRIPCION":"Travel Cost","WBS":"V.00102064.08","NOMBRE_WBS":"Volaris Renov. ongoing 2018 (MonoB)","CLIENTE":"CONCESIONARIA VUELA COMPAÑIA DE","ALIAS_CLIENTE":"VOLARIS","SERVICES":"SSM CS-DB/Basis-SERV"},{"":"","PROVEEDOR":"Ernst & Young GmbH","ALIAS_VENDOR":"Ernest","OC":"3","DESCRIPCION":"Travel Cost","WBS":"V.00102064.09","NOMBRE_WBS":"Volaris Renov. ongoing 2018 (MonoB)","CLIENTE":"CONCESIONARIA VUELA COMPAÑIA DE","ALIAS_CLIENTE":"VOLARIS","SERVICES":"SSM CS-DB/Basis-SERV"},{"":"","PROVEEDOR":"Ernst & Young GmbH","ALIAS_VENDOR":"Ernest","OC":"4","DESCRIPCION":"Travel Cost","WBS":"V.00102064.10","NOMBRE_WBS":"Volaris Renov. ongoing 2018 (MonoB)","CLIENTE":"CONCESIONARIA VUELA COMPAÑIA DE","ALIAS_CLIENTE":"VOLARIS","SERVICES":"SSM CS-DB/Basis-SERV"},{"":"","PROVEEDOR":"Ernst & Young GmbH","ALIAS_VENDOR":"Ernest","OC":"5","DESCRIPCION":"Travel Cost","WBS":"V.00102064.11","NOMBRE_WBS":"Volaris Renov. ongoing 2018 (MonoB)","CLIENTE":"CONCESIONARIA VUELA COMPAÑIA DE","ALIAS_CLIENTE":"VOLARIS","SERVICES":"SSM CS-DB/Basis-SERV"},{"":"","PROVEEDOR":"Ernst & Young GmbH","ALIAS_VENDOR":"Ernest","OC":"6","DESCRIPCION":"Travel Cost","WBS":"V.00102064.12","NOMBRE_WBS":"Volaris Renov. ongoing 2018 (MonoB)","CLIENTE":"CONCESIONARIA VUELA COMPAÑIA DE","ALIAS_CLIENTE":"VOLARIS","SERVICES":"SSM CS-DB/Basis-SERV"},{"":"","PROVEEDOR":"Ernst & Young GmbH","ALIAS_VENDOR":"Ernest","OC":"7","DESCRIPCION":"Travel Cost","WBS":"V.00102064.13","NOMBRE_WBS":"Volaris Renov. ongoing 2018 (MonoB)","CLIENTE":"CONCESIONARIA VUELA COMPAÑIA DE","ALIAS_CLIENTE":"VOLARIS","SERVICES":"SSM CS-DB/Basis-SERV"},{"":"","PROVEEDOR":"Ernst & Young GmbH","ALIAS_VENDOR":"Ernest","OC":"8","DESCRIPCION":"Travel Cost","WBS":"V.00102064.14","NOMBRE_WBS":"Volaris Renov. ongoing 2018 (MonoB)","CLIENTE":"CONCESIONARIA VUELA COMPAÑIA DE","ALIAS_CLIENTE":"VOLARIS","SERVICES":"SSM CS-DB/Basis-SERV"},{"":"","PROVEEDOR":"Ernst & Young GmbH","ALIAS_VENDOR":"Ernest","OC":"9","DESCRIPCION":"Travel Cost","WBS":"V.00102064.15","NOMBRE_WBS":"Volaris Renov. ongoing 2018 (MonoB)","CLIENTE":"CONCESIONARIA VUELA COMPAÑIA DE","ALIAS_CLIENTE":"VOLARIS","SERVICES":"SSM CS-DB/Basis-SERV"},{"":"","PROVEEDOR":"Ernst & Young GmbH","ALIAS_VENDOR":"Ernest","OC":"10","DESCRIPCION":"Travel Cost","WBS":"V.00102064.16","NOMBRE_WBS":"Volaris Renov. ongoing 2018 (MonoB)","CLIENTE":"CONCESIONARIA VUELA COMPAÑIA DE","ALIAS_CLIENTE":"VOLARIS","SERVICES":"SSM CS-DB/Basis-SERV"},{"":"","PROVEEDOR":"Ernst & Young GmbH","ALIAS_VENDOR":"Ernest","OC":"11","DESCRIPCION":"Travel Cost","WBS":"V.00102064.17","NOMBRE_WBS":"Volaris Renov. ongoing 2018 (MonoB)","CLIENTE":"CONCESIONARIA VUELA COMPAÑIA DE","ALIAS_CLIENTE":"VOLARIS","SERVICES":"SSM CS-DB/Basis-SERV"},{"":"","PROVEEDOR":"Ernst & Young GmbH","ALIAS_VENDOR":"Ernest","OC":"12","DESCRIPCION":"Travel Cost","WBS":"V.00102064.18","NOMBRE_WBS":"Volaris Renov. ongoing 2018 (MonoB)","CLIENTE":"CONCESIONARIA VUELA COMPAÑIA DE","ALIAS_CLIENTE":"VOLARIS","SERVICES":"SSM CS-DB/Basis-SERV"},{"":"","PROVEEDOR":"Ernst & Young GmbH","ALIAS_VENDOR":"Ernest","OC":"13","DESCRIPCION":"Travel Cost","WBS":"V.00102064.19","NOMBRE_WBS":"Volaris Renov. ongoing 2018 (MonoB)","CLIENTE":"CONCESIONARIA VUELA COMPAÑIA DE","ALIAS_CLIENTE":"VOLARIS","SERVICES":"SSM CS-DB/Basis-SERV"},{"":"","PROVEEDOR":"","ALIAS_VENDOR":"","OC":"","DESCRIPCION":"","WBS":"","NOMBRE_WBS":"","CLIENTE":"","ALIAS_CLIENTE":"","SERVICES":""},{"":"","PROVEEDOR":"","ALIAS_VENDOR":"","OC":"","DESCRIPCION":"","WBS":"","NOMBRE_WBS":"","CLIENTE":"","ALIAS_CLIENTE":"","SERVICES":""},{"":"","PROVEEDOR":"","ALIAS_VENDOR":"","OC":"","DESCRIPCION":"","WBS":"","NOMBRE_WBS":"","CLIENTE":"","ALIAS_CLIENTE":"","SERVICES":""},{"":"","PROVEEDOR":"","ALIAS_VENDOR":"","OC":"","DESCRIPCION":"","WBS":"","NOMBRE_WBS":"","CLIENTE":"","ALIAS_CLIENTE":"","SERVICES":""},{"":"","PROVEEDOR":"","ALIAS_VENDOR":"","OC":"","DESCRIPCION":"","WBS":"","NOMBRE_WBS":"","CLIENTE":"","ALIAS_CLIENTE":"","SERVICES":""},{"":"","PROVEEDOR":"","ALIAS_VENDOR":"","OC":"","DESCRIPCION":"","WBS":"","NOMBRE_WBS":"","CLIENTE":"","ALIAS_CLIENTE":"","SERVICES":""},{"":"","PROVEEDOR":"","ALIAS_VENDOR":"","OC":"","DESCRIPCION":"","WBS":"","NOMBRE_WBS":"","CLIENTE":"","ALIAS_CLIENTE":"","SERVICES":""}]