[{"SERVICIO":"SOFTWARE","OC":"8110365761","PROVEEDOR":"AXTEL, S.A.B. DE C.V.","ALIAS_VENDOR":"Alestra","DESCRIPCION":"Enlace Lan to Internet","WBS":"V.00102250.05","NOMBRE_WBS":"Banco Forjadores Ongoing 2018 (MonoB)","CLIENTE":"BANCO FORJADORES S.A.","ALIAS_CLIENTE":"HSAI","AREA":"CS MSI/Unix","TIPO":"SERVICIO"},{"SERVICIO":"HARDWARE","OC":"8110380871","PROVEEDOR":"AXTEL, S.A.B. DE C.V.","ALIAS_VENDOR":"Alestra","DESCRIPCION":"Crecimiento circuito Ethernet Lan to","WBS":"V.00102250.05","NOMBRE_WBS":"Banco Forjadores Ongoing 2018 (MonoB)","CLIENTE":"BANCO FORJADORES S.A.","ALIAS_CLIENTE":"HSAI","AREA":"CS MSI/Unix","TIPO":"CONSOLA"},{"SERVICIO":"ENLACES","OC":"8110380871","PROVEEDOR":"AXTEL, S.A.B. DE C.V.","ALIAS_VENDOR":"Alestra","DESCRIPCION":"Crecimiento circuito Ethernet Lan to","WBS":"V.00102250.06","NOMBRE_WBS":"Banco Forjadores Ongoing 2019 (MonoB)","CLIENTE":"BANCO FORJADORES S.A.","ALIAS_CLIENTE":"HSAI","AREA":"SSM CS-MSI/Unix-FIN","TIPO":"ENLACES"},{"SERVICIO":"SOFTWARE","OC":"8110380871","PROVEEDOR":"AXTEL, S.A.B. DE C.V.","ALIAS_VENDOR":"Alestra","DESCRIPCION":"Crecimiento circuito Ethernet Lan to","WBS":"V.00102250.07","NOMBRE_WBS":"Banco Forjadores Ongoing 2020 (MonoB)","CLIENTE":"BANCO FORJADORES S.A.","ALIAS_CLIENTE":"HSAI","AREA":"SSM CS-MSI/Unix-FIN","TIPO":"SERVICIO"},{"SERVICIO":"HARDWARE","OC":"8110388434","PROVEEDOR":"AXTEL, S.A.B. DE C.V.","ALIAS_VENDOR":"Alestra","DESCRIPCION":"4 Cables UTP Cat.6A intra rack del rack","WBS":"V.00102250.05","NOMBRE_WBS":"Banco Forjadores Ongoing 2018 (MonoB)","CLIENTE":"BANCO FORJADORES S.A.","ALIAS_CLIENTE":"HSAI","AREA":"CS MSI/Unix","TIPO":"CONSOLA"},{"SERVICIO":"ENLACES","OC":"8110394654","PROVEEDOR":"AXTEL, S.A.B. DE C.V.","ALIAS_VENDOR":"Alestra","DESCRIPCION":"Main Room","WBS":"V.00102250.05","NOMBRE_WBS":"Banco Forjadores Ongoing 2018 (MonoB)","CLIENTE":"BANCO FORJADORES S.A.","ALIAS_CLIENTE":"HSAI","AREA":"CS MSI/Unix","TIPO":"ENLACES"},{"SERVICIO":"SOFTWARE","OC":"8110353948","PROVEEDOR":"SONDA MEXICO S.A. DE C.V.","ALIAS_VENDOR":"Sonda","DESCRIPCION":"Soporte en sitio Gemalto Colombia","WBS":"V.00101443.09","NOMBRE_WBS":"Gemalto Mexico ongoing 2018","CLIENTE":"GEMALTO MEXICO SA DE CV","ALIAS_CLIENTE":"IICA","AREA":"DS POG D","TIPO":"SERVICIO"},{"SERVICIO":"HARDWARE","OC":"8110365090","PROVEEDOR":"AXTEL, S.A.B. DE C.V.","ALIAS_VENDOR":"Alestra","DESCRIPCION":"Circuito Ethernet Lan to Internet","WBS":"V.00102228.05","NOMBRE_WBS":"Hospital San Angel Inn 2018 (MonoB)","CLIENTE":"CENTRO HOSPITALARIO UNIVERSIDAD","ALIAS_CLIENTE":"IMPERQUIMIA","AREA":"CS MSI/Unix","TIPO":"CONSOLA"},{"SERVICIO":"ENLACES","OC":"8110365090","PROVEEDOR":"AXTEL, S.A.B. DE C.V.","ALIAS_VENDOR":"Alestra","DESCRIPCION":"Circuito Ethernet Lan to Internet","WBS":"V.00102228.05","NOMBRE_WBS":"Hospital San Angel Inn 2018 (MonoB)","CLIENTE":"CENTRO HOSPITALARIO UNIVERSIDAD","ALIAS_CLIENTE":"IMPERQUIMIA","AREA":"CS MSI/Unix","TIPO":"ENLACES"},{"SERVICIO":"SOFTWARE","OC":"8110365097","PROVEEDOR":"AXTEL, S.A.B. DE C.V.","ALIAS_VENDOR":"Alestra","DESCRIPCION":"Circuito Ethernet Lan to Internet","WBS":"V.00102228.05","NOMBRE_WBS":"Hospital San Angel Inn 2018 (MonoB)","CLIENTE":"CENTRO HOSPITALARIO UNIVERSIDAD","ALIAS_CLIENTE":"IMPERQUIMIA","AREA":"CS MSI/Unix","TIPO":"SERVICIO"},{"SERVICIO":"HARDWARE","OC":"8110381256","PROVEEDOR":"DELL MEXICO, S.A. DE C.V.","ALIAS_VENDOR":"DELL","DESCRIPCION":"Growth R920 ST Productive server:","WBS":"V.00102228.05","NOMBRE_WBS":"Hospital San Angel Inn 2018 (MonoB)","CLIENTE":"CENTRO HOSPITALARIO UNIVERSIDAD","ALIAS_CLIENTE":"IMPERQUIMIA","AREA":"SSM CS-MSI/Unix-SERV","TIPO":"CONSOLA"},{"SERVICIO":"ENLACES","OC":"8110381256","PROVEEDOR":"DELL MEXICO, S.A. DE C.V.","ALIAS_VENDOR":"DELL","DESCRIPCION":"Growth R920 ST Productive server:","WBS":"V.00102228.05","NOMBRE_WBS":"Hospital San Angel Inn 2018 (MonoB)","CLIENTE":"CENTRO HOSPITALARIO UNIVERSIDAD","ALIAS_CLIENTE":"IMPERQUIMIA","AREA":"SSM CS-MSI/Unix-SERV","TIPO":"ENLACES"},{"SERVICIO":"SOFTWARE","OC":"8110381256","PROVEEDOR":"DELL MEXICO, S.A. DE C.V.","ALIAS_VENDOR":"DELL","DESCRIPCION":"Implementation services Configuration","WBS":"V.00102228.05","NOMBRE_WBS":"Hospital San Angel Inn 2018 (MonoB)","CLIENTE":"CENTRO HOSPITALARIO UNIVERSIDAD","ALIAS_CLIENTE":"IMPERQUIMIA","AREA":"SSM CS-MSI/Unix-SERV","TIPO":"SERVICIO"},{"SERVICIO":"HARDWARE","OC":"8110381256","PROVEEDOR":"DELL MEXICO, S.A. DE C.V.","ALIAS_VENDOR":"DELL","DESCRIPCION":"Implementation services Configuration","WBS":"V.00102228.05","NOMBRE_WBS":"Hospital San Angel Inn 2018 (MonoB)","CLIENTE":"CENTRO HOSPITALARIO UNIVERSIDAD","ALIAS_CLIENTE":"MAXIGAS","AREA":"SSM CS-MSI/Unix-SERV","TIPO":"CONSOLA"},{"SERVICIO":"ENLACES","OC":"8110364552","PROVEEDOR":"AXTEL, S.A.B. DE C.V.","ALIAS_VENDOR":"Alestra","DESCRIPCION":"Circuito Ethernet Lan to Internet","WBS":"V.00101561.10","NOMBRE_WBS":"IICA 2018 Extensión (DSI)","CLIENTE":"Instituto Interamericano de Coopera","ALIAS_CLIENTE":"MAXIGAS","AREA":"CS DB/Basis","TIPO":"ENLACES"},{"SERVICIO":"SOFTWARE","OC":"8110352289","PROVEEDOR":"AXTEL, S.A.B. DE C.V.","ALIAS_VENDOR":"Alestra","DESCRIPCION":"Incremento Circuito Ethernet Lan to Inte","WBS":"V.00102104.05","NOMBRE_WBS":"Imperquimia Ongoing 2018 (MonoB)","CLIENTE":"IMPERQUIMIA SA DE CV","ALIAS_CLIENTE":"MAXIGAS","AREA":"CS DB/Basis","TIPO":"SERVICIO"},{"SERVICIO":"HARDWARE","OC":"8110363454","PROVEEDOR":"WESTCON MÉXICO, S.A. DE C.V.","ALIAS_VENDOR":"Westcon","DESCRIPCION":"SERV-PROF-CISCO-WST","WBS":"V.00102104.05","NOMBRE_WBS":"Imperquimia Ongoing 2018 (MonoB)","CLIENTE":"IMPERQUIMIA SA DE CV","ALIAS_CLIENTE":"MAXIGAS","AREA":"CS DB/Basis","TIPO":"CONSOLA"},{"SERVICIO":"ENLACES","OC":"8110363689","PROVEEDOR":"TD ADVANCED SOLUTIONS MEXICO, S. DE","ALIAS_VENDOR":"Avnet partner solution","DESCRIPCION":"2 X 8 GB DDR3-1600 MHz RDIMM/PC3-12800","WBS":"V.00102104.05","NOMBRE_WBS":"Imperquimia Ongoing 2018 (MonoB)","CLIENTE":"IMPERQUIMIA SA DE CV","ALIAS_CLIENTE":"MAXIGAS","AREA":"CS DB/Basis","TIPO":"ENLACES"},{"SERVICIO":"SOFTWARE","OC":"8110363689","PROVEEDOR":"TD ADVANCED SOLUTIONS MEXICO, S. DE","ALIAS_VENDOR":"Avnet partner solution","DESCRIPCION":"2 X 8 GB DDR3-1600 MHz RDIMM/PC3-12800","WBS":"V.00102104.05","NOMBRE_WBS":"Imperquimia Ongoing 2018 (MonoB)","CLIENTE":"IMPERQUIMIA SA DE CV","ALIAS_CLIENTE":"MAXIGAS","AREA":"CS DB/Basis","TIPO":"SERVICIO"},{"SERVICIO":"HARDWARE","OC":"8110364439","PROVEEDOR":"AXTEL, S.A.B. DE C.V.","ALIAS_VENDOR":"Alestra","DESCRIPCION":"Circuito Ethernet Lan to Lan","WBS":"V.00102104.05","NOMBRE_WBS":"Imperquimia Ongoing 2018 (MonoB)","CLIENTE":"IMPERQUIMIA SA DE CV","ALIAS_CLIENTE":"MAXIGAS","AREA":"CS DB/Basis","TIPO":"CONSOLA"},{"SERVICIO":"ENLACES","OC":"8110365128","PROVEEDOR":"AXTEL, S.A.B. DE C.V.","ALIAS_VENDOR":"Alestra","DESCRIPCION":"Circuito Ethernet Lan to Lan","WBS":"V.00102104.05","NOMBRE_WBS":"Imperquimia Ongoing 2018 (MonoB)","CLIENTE":"IMPERQUIMIA SA DE CV","ALIAS_CLIENTE":"MAXIGAS","AREA":"CS DB/Basis","TIPO":"ENLACES"},{"SERVICIO":"SOFTWARE","OC":"8110352367","PROVEEDOR":"AXTEL, S.A.B. DE C.V.","ALIAS_VENDOR":"Alestra","DESCRIPCION":"Crecimiento Circuito 1-1H5PO7Y Ethernet","WBS":"V.00101958.07","NOMBRE_WBS":"Renovación GDF Suez 2018 (MonoB)","CLIENTE":"CONSORCIO MEXIGAS S.A. DE C.V.","ALIAS_CLIENTE":"MAXIGAS","AREA":"CS MSI/Unix","TIPO":"SERVICIO"},{"SERVICIO":"HARDWARE","OC":"8110373865","PROVEEDOR":"EVOLUCIONE DE PUEBLA, S.A. DE C.V.","ALIAS_VENDOR":"","DESCRIPCION":"Viáticos Engie","WBS":"V.00102716.01","NOMBRE_WBS":"SETUP ENGIE Dynamic Hosting","CLIENTE":"CONSORCIO MEXIGAS S.A. DE C.V.","ALIAS_CLIENTE":"MAXIGAS","AREA":"SSM CS-MSI/Unix-SERV","TIPO":"CONSOLA"},{"SERVICIO":"ENLACES","OC":"8110374037","PROVEEDOR":"AXTEL, S.A.B. DE C.V.","ALIAS_VENDOR":"Alestra","DESCRIPCION":"Cable Intrarack de BI-20 a BL-25","WBS":"V.00102716.01","NOMBRE_WBS":"SETUP ENGIE Dynamic Hosting","CLIENTE":"CONSORCIO MEXIGAS S.A. DE C.V.","ALIAS_CLIENTE":"TAURUS","AREA":"SSM CS-MSI/Unix-SERV","TIPO":"ENLACES"},{"SERVICIO":"SOFTWARE","OC":"8110374037","PROVEEDOR":"AXTEL, S.A.B. DE C.V.","ALIAS_VENDOR":"Alestra","DESCRIPCION":"Cable Intrarack de BI-20 a Zona","WBS":"V.00102716.01","NOMBRE_WBS":"SETUP ENGIE Dynamic Hosting","CLIENTE":"CONSORCIO MEXIGAS S.A. DE C.V.","ALIAS_CLIENTE":"TAURUS","AREA":"SSM CS-MSI/Unix-SERV","TIPO":"SERVICIO"},{"SERVICIO":"HARDWARE","OC":"8110381751","PROVEEDOR":"AXTEL, S.A.B. DE C.V.","ALIAS_VENDOR":"Alestra","DESCRIPCION":"Crecimiento Circuito 1-1H5PO7Y Etherne","WBS":"V.00102715.03","NOMBRE_WBS":"ENGIE SAP Ongoing 2018","CLIENTE":"CONSORCIO MEXIGAS S.A. DE C.V.","ALIAS_CLIENTE":"VOLARIS","AREA":"CS MSI/Unix","TIPO":"CONSOLA"},{"SERVICIO":"ENLACES","OC":"8110381751","PROVEEDOR":"AXTEL, S.A.B. DE C.V.","ALIAS_VENDOR":"Alestra","DESCRIPCION":"Crecimiento Circuito 1-1H5PO7Y Etherne","WBS":"V.00102715.04","NOMBRE_WBS":"ENGIE SAP Ongoing 2019","CLIENTE":"CONSORCIO MEXIGAS S.A. DE C.V.","ALIAS_CLIENTE":"VOLARIS","AREA":"CS MSI/Unix","TIPO":"ENLACES"},{"SERVICIO":"SOFTWARE","OC":"8110381751","PROVEEDOR":"AXTEL, S.A.B. DE C.V.","ALIAS_VENDOR":"Alestra","DESCRIPCION":"Crecimiento Circuito 1-1H5PO7Y Etherne","WBS":"V.00102715.05","NOMBRE_WBS":"ENGIE SAP Ongoing 2020","CLIENTE":"CONSORCIO MEXIGAS S.A. DE C.V.","ALIAS_CLIENTE":"VOLARIS","AREA":"CS MSI/Unix","TIPO":"SERVICIO"},{"SERVICIO":"HARDWARE","OC":"8110383707","PROVEEDOR":"AXTEL, S.A.B. DE C.V.","ALIAS_VENDOR":"Alestra","DESCRIPCION":"Circuito Ethernet LAN to Internet 4 Mbps","WBS":"V.00102716.02","NOMBRE_WBS":"ENGIE Dynamic Hosting Ongoing 2018","CLIENTE":"CONSORCIO MEXIGAS S.A. DE C.V.","ALIAS_CLIENTE":"VOLARIS","AREA":"CS MSI/Unix","TIPO":"CONSOLA"}]