[{"AREA":"UNIX","PROVEEDOR":"Ernst & Young GmbH","ALIAS_VENDOR":"Ernest","OC":"1","SERVICIO":"HARDWARE","TIPO":"LICENCIA","DESCRIPCION":"Travel Cost","WBS":"V.00102064.07","NOMBRE_WBS":"Volaris Renov. ongoing 2018 (MonoB)","CLIENTE":"CONCESIONARIA VUELA COMPAÑIA DE","ALIAS_CLIENTE":"VOLARIS"},{"AREA":"UNIX","PROVEEDOR":"Ernst & Young GmbH","ALIAS_VENDOR":"Ernest","OC":"2","SERVICIO":"HARDWARE","TIPO":"CONSOLA","DESCRIPCION":"Travel Cost","WBS":"V.00102064.08","NOMBRE_WBS":"Volaris Renov. ongoing 2018 (MonoB)","CLIENTE":"CONCESIONARIA VUELA COMPAÑIA DE","ALIAS_CLIENTE":"VOLARIS"},{"AREA":"UNIX","PROVEEDOR":"Ernst & Young GmbH","ALIAS_VENDOR":"Ernest","OC":"3","SERVICIO":"HARDWARE","TIPO":"RENOVACION","DESCRIPCION":"Travel Cost","WBS":"V.00102064.09","NOMBRE_WBS":"Volaris Renov. ongoing 2018 (MonoB)","CLIENTE":"CONCESIONARIA VUELA COMPAÑIA DE","ALIAS_CLIENTE":"VOLARIS"},{"AREA":"UNIX","PROVEEDOR":"Ernst & Young GmbH","ALIAS_VENDOR":"Ernest","OC":"4","SERVICIO":"HARDWARE","TIPO":"CRECIMIENTOS","DESCRIPCION":"Travel Cost","WBS":"V.00102064.10","NOMBRE_WBS":"Volaris Renov. ongoing 2018 (MonoB)","CLIENTE":"CONCESIONARIA VUELA COMPAÑIA DE","ALIAS_CLIENTE":"VOLARIS"},{"AREA":"UNIX","PROVEEDOR":"Ernst & Young GmbH","ALIAS_VENDOR":"Ernest","OC":"5","SERVICIO":"HARDWARE","TIPO":"LICENCIA","DESCRIPCION":"Travel Cost","WBS":"V.00102064.11","NOMBRE_WBS":"Volaris Renov. ongoing 2018 (MonoB)","CLIENTE":"CONCESIONARIA VUELA COMPAÑIA DE","ALIAS_CLIENTE":"VOLARIS"},{"AREA":"UNIX","PROVEEDOR":"Ernst & Young GmbH","ALIAS_VENDOR":"Ernest","OC":"6","SERVICIO":"SOFTWARE","TIPO":"CONSOLA","DESCRIPCION":"Travel Cost","WBS":"V.00102064.12","NOMBRE_WBS":"Volaris Renov. ongoing 2018 (MonoB)","CLIENTE":"CONCESIONARIA VUELA COMPAÑIA DE","ALIAS_CLIENTE":"VOLARIS"},{"AREA":"UNIX","PROVEEDOR":"Ernst & Young GmbH","ALIAS_VENDOR":"Ernest","OC":"7","SERVICIO":"SOFTWARE","TIPO":"RENOVACION","DESCRIPCION":"Travel Cost","WBS":"V.00102064.13","NOMBRE_WBS":"Volaris Renov. ongoing 2018 (MonoB)","CLIENTE":"CONCESIONARIA VUELA COMPAÑIA DE","ALIAS_CLIENTE":"VOLARIS"},{"AREA":"UNIX","PROVEEDOR":"Ernst & Young GmbH","ALIAS_VENDOR":"Ernest","OC":"8","SERVICIO":"SOFTWARE","TIPO":"CRECIMIENTOS","DESCRIPCION":"Travel Cost","WBS":"V.00102064.14","NOMBRE_WBS":"Volaris Renov. ongoing 2018 (MonoB)","CLIENTE":"CONCESIONARIA VUELA COMPAÑIA DE","ALIAS_CLIENTE":"VOLARIS"},{"AREA":"UNIX","PROVEEDOR":"Ernst & Young GmbH","ALIAS_VENDOR":"Ernest","OC":"9","SERVICIO":"SOFTWARE","TIPO":"LICENCIA","DESCRIPCION":"Travel Cost","WBS":"V.00102064.15","NOMBRE_WBS":"Volaris Renov. ongoing 2018 (MonoB)","CLIENTE":"CONCESIONARIA VUELA COMPAÑIA DE","ALIAS_CLIENTE":"VOLARIS"},{"AREA":"UNIX","PROVEEDOR":"Ernst & Young GmbH","ALIAS_VENDOR":"Ernest","OC":"10","SERVICIO":"SOFTWARE","TIPO":"CONSOLA","DESCRIPCION":"Travel Cost","WBS":"V.00102064.16","NOMBRE_WBS":"Volaris Renov. ongoing 2018 (MonoB)","CLIENTE":"CONCESIONARIA VUELA COMPAÑIA DE","ALIAS_CLIENTE":"VOLARIS"},{"AREA":"UNIX","PROVEEDOR":"Ernst & Young GmbH","ALIAS_VENDOR":"Ernest","OC":"11","SERVICIO":"OTROS","TIPO":"RENOVACION","DESCRIPCION":"Travel Cost","WBS":"V.00102064.17","NOMBRE_WBS":"Volaris Renov. ongoing 2018 (MonoB)","CLIENTE":"CONCESIONARIA VUELA COMPAÑIA DE","ALIAS_CLIENTE":"VOLARIS"},{"AREA":"UNIX","PROVEEDOR":"Ernst & Young GmbH","ALIAS_VENDOR":"Ernest","OC":"12","SERVICIO":"OTROS","TIPO":"CRECIMIENTOS","DESCRIPCION":"Travel Cost","WBS":"V.00102064.18","NOMBRE_WBS":"Volaris Renov. ongoing 2018 (MonoB)","CLIENTE":"CONCESIONARIA VUELA COMPAÑIA DE","ALIAS_CLIENTE":"VOLARIS"},{"AREA":"UNIX","PROVEEDOR":"Ernst & Young GmbH","ALIAS_VENDOR":"Ernest","OC":"13","SERVICIO":"OTROS","TIPO":"LICENCIA","DESCRIPCION":"Travel Cost","WBS":"V.00102064.19","NOMBRE_WBS":"Volaris Renov. ongoing 2018 (MonoB)","CLIENTE":"CONCESIONARIA VUELA COMPAÑIA DE","ALIAS_CLIENTE":"VOLARIS"}]